{
  "Total" : {
    "transaction" : "Total",
    "sampleCount" : 2364250,
    "errorCount" : 0,
    "errorPct" : 0.0,
    "meanResTime" : 355.34494363961767,
    "medianResTime" : 351.0,
    "minResTime" : 3.0,
    "maxResTime" : 10502.0,
    "pct1ResTime" : 530.0,
    "pct2ResTime" : 623.0,
    "pct3ResTime" : 797.0,
    "throughput" : 2625.911585887329,
    "receivedKBytesPerSec" : 1791.764332244595,
    "sentKBytesPerSec" : 4382.502832306098
  },
  "HTTP Request" : {
    "transaction" : "HTTP Request",
    "sampleCount" : 2364250,
    "errorCount" : 0,
    "errorPct" : 0.0,
    "meanResTime" : 355.34494363961767,
    "medianResTime" : 351.0,
    "minResTime" : 3.0,
    "maxResTime" : 10502.0,
    "pct1ResTime" : 530.0,
    "pct2ResTime" : 623.0,
    "pct3ResTime" : 797.0,
    "throughput" : 2625.911585887329,
    "receivedKBytesPerSec" : 1791.764332244595,
    "sentKBytesPerSec" : 4382.502832306098
  }
}