{
  "Total" : {
    "transaction" : "Total",
    "sampleCount" : 20000,
    "errorCount" : 0,
    "errorPct" : 0.0,
    "meanResTime" : 47.96844999999984,
    "medianResTime" : 46.0,
    "minResTime" : 13.0,
    "maxResTime" : 454.0,
    "pct1ResTime" : 64.0,
    "pct2ResTime" : 71.0,
    "pct3ResTime" : 90.0,
    "throughput" : 405.3259834221673,
    "receivedKBytesPerSec" : 276.56769323916257,
    "sentKBytesPerSec" : 687.5500324260786
  },
  "HTTP Request" : {
    "transaction" : "HTTP Request",
    "sampleCount" : 20000,
    "errorCount" : 0,
    "errorPct" : 0.0,
    "meanResTime" : 47.96844999999984,
    "medianResTime" : 46.0,
    "minResTime" : 13.0,
    "maxResTime" : 454.0,
    "pct1ResTime" : 64.0,
    "pct2ResTime" : 71.0,
    "pct3ResTime" : 90.0,
    "throughput" : 405.3259834221673,
    "receivedKBytesPerSec" : 276.56769323916257,
    "sentKBytesPerSec" : 687.5500324260786
  }
}