{
  "Total" : {
    "transaction" : "Total",
    "sampleCount" : 20000,
    "errorCount" : 0,
    "errorPct" : 0.0,
    "meanResTime" : 8.552249999999933,
    "medianResTime" : 8.0,
    "minResTime" : 3.0,
    "maxResTime" : 49.0,
    "pct1ResTime" : 12.0,
    "pct2ResTime" : 14.0,
    "pct3ResTime" : 22.0,
    "throughput" : 2080.515967960054,
    "receivedKBytesPerSec" : 1419.6067499739936,
    "sentKBytesPerSec" : 3472.2673723083326
  },
  "HTTP Request" : {
    "transaction" : "HTTP Request",
    "sampleCount" : 20000,
    "errorCount" : 0,
    "errorPct" : 0.0,
    "meanResTime" : 8.552249999999933,
    "medianResTime" : 8.0,
    "minResTime" : 3.0,
    "maxResTime" : 49.0,
    "pct1ResTime" : 12.0,
    "pct2ResTime" : 14.0,
    "pct3ResTime" : 22.0,
    "throughput" : 2080.515967960054,
    "receivedKBytesPerSec" : 1419.6067499739936,
    "sentKBytesPerSec" : 3472.2673723083326
  }
}