{
  "Total" : {
    "transaction" : "Total",
    "sampleCount" : 60000,
    "errorCount" : 0,
    "errorPct" : 0.0,
    "meanResTime" : 5.654600000000055,
    "medianResTime" : 3.0,
    "minResTime" : 1.0,
    "maxResTime" : 429.0,
    "pct1ResTime" : 6.0,
    "pct2ResTime" : 15.0,
    "pct3ResTime" : 45.0,
    "throughput" : 2797.7245173925207,
    "receivedKBytesPerSec" : 1908.9825171360626,
    "sentKBytesPerSec" : 4658.3206075725075
  },
  "HTTP Request" : {
    "transaction" : "HTTP Request",
    "sampleCount" : 60000,
    "errorCount" : 0,
    "errorPct" : 0.0,
    "meanResTime" : 5.654600000000055,
    "medianResTime" : 3.0,
    "minResTime" : 1.0,
    "maxResTime" : 429.0,
    "pct1ResTime" : 6.0,
    "pct2ResTime" : 15.0,
    "pct3ResTime" : 45.0,
    "throughput" : 2797.7245173925207,
    "receivedKBytesPerSec" : 1908.9825171360626,
    "sentKBytesPerSec" : 4658.3206075725075
  }
}