{
  "Total" : {
    "transaction" : "Total",
    "sampleCount" : 578335,
    "errorCount" : 0,
    "errorPct" : 0.0,
    "meanResTime" : 26.121550658355947,
    "medianResTime" : 8.0,
    "minResTime" : 1.0,
    "maxResTime" : 1264.0,
    "pct1ResTime" : 173.0,
    "pct2ResTime" : 271.9500000000007,
    "pct3ResTime" : 519.0,
    "throughput" : 1927.6933743091988,
    "receivedKBytesPerSec" : 1315.3352648230582,
    "sentKBytesPerSec" : 3268.0426736335635
  },
  "HTTP Request" : {
    "transaction" : "HTTP Request",
    "sampleCount" : 578335,
    "errorCount" : 0,
    "errorPct" : 0.0,
    "meanResTime" : 26.121550658355947,
    "medianResTime" : 8.0,
    "minResTime" : 1.0,
    "maxResTime" : 1264.0,
    "pct1ResTime" : 173.0,
    "pct2ResTime" : 271.9500000000007,
    "pct3ResTime" : 519.0,
    "throughput" : 1927.6933743091988,
    "receivedKBytesPerSec" : 1315.3352648230582,
    "sentKBytesPerSec" : 3268.0426736335635
  }
}