{
  "Total" : {
    "transaction" : "Total",
    "sampleCount" : 100000,
    "errorCount" : 41992,
    "errorPct" : 41.992,
    "meanResTime" : 76.44956999999978,
    "medianResTime" : 22.0,
    "minResTime" : 1.0,
    "maxResTime" : 1309.0,
    "pct1ResTime" : 92.0,
    "pct2ResTime" : 244.0,
    "pct3ResTime" : 374.9900000000016,
    "throughput" : 497.95341147882203,
    "receivedKBytesPerSec" : 604.0472729348005,
    "sentKBytesPerSec" : 570.0417864607713
  },
  "HTTP Request" : {
    "transaction" : "HTTP Request",
    "sampleCount" : 100000,
    "errorCount" : 41992,
    "errorPct" : 41.992,
    "meanResTime" : 76.44956999999978,
    "medianResTime" : 22.0,
    "minResTime" : 1.0,
    "maxResTime" : 1309.0,
    "pct1ResTime" : 92.0,
    "pct2ResTime" : 244.0,
    "pct3ResTime" : 374.9900000000016,
    "throughput" : 497.95341147882203,
    "receivedKBytesPerSec" : 604.0472729348005,
    "sentKBytesPerSec" : 570.0417864607713
  }
}