{
  "Total" : {
    "transaction" : "Total",
    "sampleCount" : 118468,
    "errorCount" : 23295,
    "errorPct" : 19.663538,
    "meanResTime" : 127.72585845966785,
    "medianResTime" : 179.0,
    "minResTime" : 11.0,
    "maxResTime" : 4846.0,
    "pct1ResTime" : 485.0,
    "pct2ResTime" : 544.0,
    "pct3ResTime" : 688.0,
    "throughput" : 394.7472768409022,
    "receivedKBytesPerSec" : 250.4778342690288,
    "sentKBytesPerSec" : 658.8116173057635
  },
  "HTTP Request" : {
    "transaction" : "HTTP Request",
    "sampleCount" : 118468,
    "errorCount" : 23295,
    "errorPct" : 19.663538,
    "meanResTime" : 127.72585845966785,
    "medianResTime" : 179.0,
    "minResTime" : 11.0,
    "maxResTime" : 4846.0,
    "pct1ResTime" : 485.0,
    "pct2ResTime" : 544.0,
    "pct3ResTime" : 688.0,
    "throughput" : 394.7472768409022,
    "receivedKBytesPerSec" : 250.4778342690288,
    "sentKBytesPerSec" : 658.8116173057635
  }
}