{
  "Total" : {
    "transaction" : "Total",
    "sampleCount" : 107750,
    "errorCount" : 2222,
    "errorPct" : 2.062181,
    "meanResTime" : 140.56734106728504,
    "medianResTime" : 213.0,
    "minResTime" : 3.0,
    "maxResTime" : 1419.0,
    "pct1ResTime" : 514.0,
    "pct2ResTime" : 654.0,
    "pct3ResTime" : 944.0,
    "throughput" : 358.98717308012664,
    "receivedKBytesPerSec" : 245.26723291999835,
    "sentKBytesPerSec" : 606.8331979843412
  },
  "HTTP Request" : {
    "transaction" : "HTTP Request",
    "sampleCount" : 107750,
    "errorCount" : 2222,
    "errorPct" : 2.062181,
    "meanResTime" : 140.56734106728504,
    "medianResTime" : 213.0,
    "minResTime" : 3.0,
    "maxResTime" : 1419.0,
    "pct1ResTime" : 514.0,
    "pct2ResTime" : 654.0,
    "pct3ResTime" : 944.0,
    "throughput" : 358.98717308012664,
    "receivedKBytesPerSec" : 245.26723291999835,
    "sentKBytesPerSec" : 606.8331979843412
  }
}