{
  "Total" : {
    "transaction" : "Total",
    "sampleCount" : 20000,
    "errorCount" : 0,
    "errorPct" : 0.0,
    "meanResTime" : 46.53674999999972,
    "medianResTime" : 45.0,
    "minResTime" : 8.0,
    "maxResTime" : 139.0,
    "pct1ResTime" : 62.0,
    "pct2ResTime" : 68.0,
    "pct3ResTime" : 82.0,
    "throughput" : 418.9008042895442,
    "receivedKBytesPerSec" : 285.8302548487768,
    "sentKBytesPerSec" : 710.576852588807
  },
  "HTTP Request" : {
    "transaction" : "HTTP Request",
    "sampleCount" : 20000,
    "errorCount" : 0,
    "errorPct" : 0.0,
    "meanResTime" : 46.53674999999972,
    "medianResTime" : 45.0,
    "minResTime" : 8.0,
    "maxResTime" : 139.0,
    "pct1ResTime" : 62.0,
    "pct2ResTime" : 68.0,
    "pct3ResTime" : 82.0,
    "throughput" : 418.9008042895442,
    "receivedKBytesPerSec" : 285.8302548487768,
    "sentKBytesPerSec" : 710.576852588807
  }
}